{"is_source_file": false, "format": "", "description": "", "external_files": [], "external_methods": [], "published": [], "classes": [], "methods": [], "calls": [], "search-terms": [], "state": 2, "file_id": 1, "knowledge_revision": 20, "git_revision": "e9eeca099506269963d5566361aa8aac60e828a0", "hash": "9ccf533a7edef65d52b06e4078d4c2fa", "format-version": 4, "code-base-name": "tic_tac_toe_frontend", "filename": "README.md", "revision_history": [{"20": "e9eeca099506269963d5566361aa8aac60e828a0"}]}