{"is_source_file": true, "format": "JavaScript (React JSX)", "description": "Source file for a React-based Tic Tac Toe game, implementing game logic, UI components, and score management.", "external_files": ["./App.css"], "external_methods": ["calculateWinner", "isDraw"], "published": ["calculateWinner", "isDraw"], "classes": [], "methods": [{"name": "calculateWinner(squares)", "description": "Determines the winner of the current Tic Tac Toe board, returning the winner and winning line if any.", "scope": "", "scopeKind": ""}, {"name": "isDraw(squares)", "description": "Checks if the game is a draw, i.e., board is full with no winner.", "scope": "", "scopeKind": ""}, {"name": "App()", "scope": "", "scopeKind": "", "description": "unavailable"}, {"name": "Board({ squares, onPlay, disabled, winningLine })", "scope": "", "scopeKind": "", "description": "unavailable"}, {"name": "Square({ value, onClick, disabled, highlight })", "scope": "", "scopeKind": "", "description": "unavailable"}, {"name": "nextPlayer(current)", "scope": "", "scopeKind": "", "description": "unavailable"}], "calls": ["calculateWinner(squares)", "isDraw(squares)", "setSquares(next)", "setScore", "setXIsNext", "setSquares(Array(9).fill(null))"], "search-terms": ["React", "Tic Tac Toe", "calculateWinner", "isDraw", "App.js", "game logic", "UI components"], "state": 2, "file_id": 10, "knowledge_revision": 26, "git_revision": "1e3c22c410adf6fef9d55d17a0066fa17f79f5c2", "revision_history": [{"25": "1e3c22c410adf6fef9d55d17a0066fa17f79f5c2"}, {"26": "1e3c22c410adf6fef9d55d17a0066fa17f79f5c2"}], "ctags": [{"_type": "tag", "name": "App", "path": "/home/kavia/workspace/code-generation/browser-tic-tac-toe-314317-314326/tic_tac_toe_frontend/src/App.js", "pattern": "/^function App() {$/", "language": "JavaScript", "kind": "function", "signature": "()"}, {"_type": "tag", "name": "Board", "path": "/home/kavia/workspace/code-generation/browser-tic-tac-toe-314317-314326/tic_tac_toe_frontend/src/App.js", "pattern": "/^function Board({ squares, onPlay, disabled, winningLine }) {$/", "language": "JavaScript", "kind": "function", "signature": "({ squares, onPlay, disabled, winningLine })"}, {"_type": "tag", "name": "LINES", "path": "/home/kavia/workspace/code-generation/browser-tic-tac-toe-314317-314326/tic_tac_toe_frontend/src/App.js", "pattern": "/^const LINES = [$/", "language": "JavaScript", "kind": "constant"}, {"_type": "tag", "name": "Square", "path": "/home/kavia/workspace/code-generation/browser-tic-tac-toe-314317-314326/tic_tac_toe_frontend/src/App.js", "pattern": "/^function Square({ value, onClick, disabled, highlight }) {$/", "language": "JavaScript", "kind": "function", "signature": "({ value, onClick, disabled, highlight })"}, {"_type": "tag", "name": "calculateWinner", "path": "/home/kavia/workspace/code-generation/browser-tic-tac-toe-314317-314326/tic_tac_toe_frontend/src/App.js", "pattern": "/^export function calculateWinner(squares) {$/", "language": "JavaScript", "kind": "function", "signature": "(squares)"}, {"_type": "tag", "name": "disabled", "path": "/home/kavia/workspace/code-generation/browser-tic-tac-toe-314317-314326/tic_tac_toe_frontend/src/App.js", "pattern": "/^      disabled={disabled}$/", "language": "JavaScript", "kind": "field", "scope": "Square.disabled", "scopeKind": "class"}, {"_type": "tag", "name": "isDraw", "path": "/home/kavia/workspace/code-generation/browser-tic-tac-toe-314317-314326/tic_tac_toe_frontend/src/App.js", "pattern": "/^export function isDraw(squares) {$/", "language": "JavaScript", "kind": "function", "signature": "(squares)"}, {"_type": "tag", "name": "nextPlayer", "path": "/home/kavia/workspace/code-generation/browser-tic-tac-toe-314317-314326/tic_tac_toe_frontend/src/App.js", "pattern": "/^function nextPlayer(current) {$/", "language": "JavaScript", "kind": "function", "signature": "(current)"}, {"_type": "tag", "name": "onClick", "path": "/home/kavia/workspace/code-generation/browser-tic-tac-toe-314317-314326/tic_tac_toe_frontend/src/App.js", "pattern": "/^      onClick={onClick}$/", "language": "JavaScript", "kind": "field", "scope": "Square.onClick", "scopeKind": "class"}, {"_type": "tag", "name": "ttt-square ${highlight ? 'ttt-square--highlight' : ''}", "path": "/home/kavia/workspace/code-generation/browser-tic-tac-toe-314317-314326/tic_tac_toe_frontend/src/App.js", "pattern": "/^      className={`ttt-square ${highlight ? 'ttt-square--highlight' : ''}`}$/", "language": "JavaScript", "kind": "field", "scope": "Square.className", "scopeKind": "class"}, {"_type": "tag", "name": "value", "path": "/home/kavia/workspace/code-generation/browser-tic-tac-toe-314317-314326/tic_tac_toe_frontend/src/App.js", "pattern": "/^      aria-label={value ? `Square: ${value}` : 'Empty square'}$/", "language": "JavaScript", "kind": "field", "scope": "Square.aria", "scopeKind": "class"}], "hash": "8c928e0dd3fa7e906359bba4768dc66f", "format-version": 4, "code-base-name": "tic_tac_toe_frontend", "filename": "tic_tac_toe_frontend/src/App.js", "fields": [{"name": "disabled={disabled}", "scope": "Square.disabled", "scopeKind": "class", "description": "unavailable"}, {"name": "onClick={onClick}", "scope": "Square.onClick", "scopeKind": "class", "description": "unavailable"}, {"name": "className={`ttt-square ${highlight ? 'ttt-square--highlight' : ''}`}", "scope": "Square.className", "scopeKind": "class", "description": "unavailable"}, {"name": "aria-label={value ? `Square: ${value}` : 'Empty square'}", "scope": "Square.aria", "scopeKind": "class", "description": "unavailable"}]}