{"is_source_file": true, "format": "JavaScript (React JSX)", "description": "This file serves as the entry point for a React application, initializing the root DOM node and rendering the main App component within React's StrictMode.", "external_files": ["react", "react-dom/client", "./index.css", "./App"], "external_methods": ["ReactDOM.createRoot", "root.render"], "published": [], "classes": [], "methods": [{"name": "ReactDOM.createRoot", "description": "Creates a React root to manage rendering for the specified DOM element."}, {"name": "root.render", "description": "Renders the React component tree into the DOM."}], "calls": ["ReactDOM.createRoot", "root.render", "React.StrictMode", "App"], "search-terms": ["React entry point", "ReactDOM.createRoot", "index.js", "application bootstrap"], "state": 2, "file_id": 5, "knowledge_revision": 22, "git_revision": "1e3c22c410adf6fef9d55d17a0066fa17f79f5c2", "ctags": [{"_type": "tag", "name": "root", "path": "/home/kavia/workspace/code-generation/browser-tic-tac-toe-314317-314326/tic_tac_toe_frontend/src/index.js", "pattern": "/^const root = ReactDOM.createRoot(document.getElementById('root'));$/", "language": "JavaScript", "kind": "constant"}], "hash": "9fc5841375336fc175b49f8767a11383", "format-version": 4, "code-base-name": "tic_tac_toe_frontend", "filename": "tic_tac_toe_frontend/src/index.js", "revision_history": [{"22": "1e3c22c410adf6fef9d55d17a0066fa17f79f5c2"}]}