{"is_source_file": true, "format": "JavaScript (ECMAScript Module, .mjs)", "description": "Configuration file for ESLint to enforce coding standards and rules for a JavaScript project, including React-specific linting rules.", "external_files": ["@eslint/js", "eslint-plugin-react"], "external_methods": [], "published": [], "classes": [], "methods": [{"name": "default", "description": "Exports an ESLint configuration array that specifies file patterns, parser options, globals, rules, and plugins settings."}], "calls": ["pluginJs", "pluginReact", "pluginJs.configs.recommended"], "search-terms": ["eslint", "eslint.config", "eslint plugin", "react", "pluginReact", "parserOptions", "rules", "jsx"], "state": 2, "file_id": 11, "knowledge_revision": 19, "git_revision": "1e3c22c410adf6fef9d55d17a0066fa17f79f5c2", "hash": "be6538e7523bc2e9da0743133d784136", "format-version": 4, "code-base-name": "tic_tac_toe_frontend", "filename": "tic_tac_toe_frontend/eslint.config.mjs", "revision_history": [{"19": "1e3c22c410adf6fef9d55d17a0066fa17f79f5c2"}]}