{"is_source_file": false, "format": "", "description": "", "external_files": [], "external_methods": [], "published": [], "classes": [], "methods": [], "calls": [], "search-terms": [], "state": 2, "file_id": 8, "knowledge_revision": 28, "git_revision": "1e3c22c410adf6fef9d55d17a0066fa17f79f5c2", "hash": "af3868380401540e393fdcbf55f43479", "format-version": 4, "code-base-name": "tic_tac_toe_frontend", "filename": "tic_tac_toe_frontend/src/index.css", "revision_history": [{"28": "1e3c22c410adf6fef9d55d17a0066fa17f79f5c2"}]}