{"is_source_file": false, "format": "", "description": "", "external_files": [], "external_methods": [], "published": [], "classes": [], "methods": [], "calls": [], "search-terms": [], "state": 2, "file_id": 6, "knowledge_revision": 27, "git_revision": "1e3c22c410adf6fef9d55d17a0066fa17f79f5c2", "hash": "59dd39083056fa069b4e7a629fa9c2ee", "format-version": 4, "code-base-name": "tic_tac_toe_frontend", "filename": "tic_tac_toe_frontend/src/App.css", "revision_history": [{"27": "1e3c22c410adf6fef9d55d17a0066fa17f79f5c2"}]}